"plate_id","batch","temperature","day","isolate","biorep","media","time","log_average_wrangled_conc","death_phase","average_wrangled_conc"
"B2_6_0_S12-0116_2_BHI_-1_24_1","B2",6,0,"S12-0116",2,"BHI",24,4,"no",10000
"B2_6_0_S12-0141_2_BHI_-1_24_1","B2",6,0,"S12-0141",2,"BHI",24,3.69019608002851,"no",4900
"B2_6_1_S12-0116_2_BHI_-1_24_1","B2",6,1,"S12-0116",2,"BHI",24,4.10037054511756,"no",12600
"B2_6_1_S12-0132_2_BHI_-1_24_1","B2",6,1,"S12-0132",2,"BHI",24,4.59217675739587,"no",39100
"B2_6_1_S12-0141_2_BHI_-1_24_1","B2",6,1,"S12-0141",2,"BHI",24,4.95581375500884,"no",90326.20313
"B2_6_2_S12-0141_2_BHI_-1_24_1","B2",6,2,"S12-0141",2,"BHI",24,5.10743387147837,"no",128066.0078
"B2_6_2_S12-0132_2_BHI_-1_24_1","B2",6,2,"S12-0132",2,"BHI",24,4.9420645852028,"no",87511.39063
"B2_6_2_S12-0116_2_BHI_-1_24_1","B2",6,2,"S12-0116",2,"BHI",24,5.20611180552149,"no",160735.5
"B2_6_3_S12-0116_2_BHI_-3_24_1","B2",6,3,"S12-0116",2,"BHI",24,3.93449845124357,"no",8600
"B2_6_3_S12-0132_2_BHI_-3_24_1","B2",6,3,"S12-0132",2,"BHI",24,6.01900822287323,"no",1044740
"B2_6_3_S12-0141_2_BHI_-1_24_1","B2",6,3,"S12-0141",2,"BHI",24,5.76371384120471,"no",580381.875
"B2_6_4_S12-0132_2_BHI_-3_24_1","B2",6,4,"S12-0132",2,"BHI",24,7.54526977914581,"no",35096982.5
"B2_6_4_S12-0116_2_BHI_-3_24_1","B2",6,4,"S12-0116",2,"BHI",24,7.71827322144075,"no",52272494
"B2_6_4_S12-0141_2_BHI_-3_24_1","B2",6,4,"S12-0141",2,"BHI",24,6.15295762061272,"no",1422190
"B2_6_6_S12-0116_2_BHI_-2_24_1","B2",6,6,"S12-0116",2,"BHI",24,6.08198091853456,"no",1207760.768921
"B2_6_6_S12-0132_2_BHI_-4_24_1","B2",6,6,"S12-0132",2,"BHI",24,7.78660668908754,"no",61179607.875
"B2_6_6_S12-0141_2_BHI_-4_24_1","B2",6,6,"S12-0141",2,"BHI",24,7.52110904255988,"no",33197780
"B2_6_9_S12-0116_2_BHI_-4_24_1","B2",6,9,"S12-0116",2,"BHI",24,8.89668576283579,"no",788289538.16797
"B2_6_9_S12-0132_2_BHI_-4_24_1","B2",6,9,"S12-0132",2,"BHI",24,7.99816990641263,"no",99579492
"B2_6_9_S12-0141_2_BHI_-2_24_1","B2",6,9,"S12-0141",2,"BHI",24,6.73588549111476,"no",5443591.04685
"B2_6_12_S12-0116_2_BHI_-5_24_1","B2",6,12,"S12-0116",2,"BHI",24,9.09625308273233,"no",1248110632
"B2_6_12_S12-0132_2_BHI_-5_24_1","B2",6,12,"S12-0132",2,"BHI",24,8.29690039572392,"no",198107262
"B2_6_12_S12-0141_2_BHI_-5_24_1","B2",6,12,"S12-0141",2,"BHI",24,8.38532353272394,"no",242841850
"B2_6_15_S12-0116_2_BHI_-6_24_1","B2",6,15,"S12-0116",2,"BHI",24,9.1430701083524,"no",1390177030
"B2_6_15_S12-0132_2_BHI_-6_24_1","B2",6,15,"S12-0132",2,"BHI",24,9.71856750598323,"no",5230792664
"B2_6_15_S12-0141_2_BHI_-6_24_1","B2",6,15,"S12-0141",2,"BHI",24,9.31731982146217,"no",2076442080
"B2_6_18_S12-0116_2_BHI_-6_24_1","B2",6,18,"S12-0116",2,"BHI",24,9.90672184067936,"no",8067181734.5
"B2_6_18_S12-0132_2_BHI_-6_24_1","B2",6,18,"S12-0132",2,"BHI",24,9.14070735103483,"no",1382634378
"B2_6_18_S12-0141_2_BHI_-6_24_1","B2",6,18,"S12-0141",2,"BHI",24,9.3026416147671,"no",2007435568
"B2_6_21_S12-0116_2_BHI_-6_24_1","B2",6,21,"S12-0116",2,"BHI",24,9.91610392242173,"no",8243353468
"B2_6_21_S12-0132_2_BHI_-6_24_1","B2",6,21,"S12-0132",2,"BHI",24,9.73357833585819,"no",5414749076
"B2_6_21_S12-0141_2_BHI_-6_24_1","B2",6,21,"S12-0141",2,"BHI",24,8.99322690038036,"no",984525344
"B2_6_24_S12-0116_2_BHI_-6_24_1","B2",6,24,"S12-0116",2,"BHI",24,9.82322591481716,"no",6656193134
"B2_6_24_S12-0132_2_BHI_-6_24_1","B2",6,24,"S12-0132",2,"BHI",24,9.38602063095051,"no",2432319552.5
"B2_6_24_S12-0141_2_BHI_-6_24_1","B2",6,24,"S12-0141",2,"BHI",24,9.24479122694354,"no",1757078752
"B3_6_0_S12-0116_3_BHI_-1_24_1","B3",6,0,"S12-0116",3,"BHI",24,5.06556431063121,"no",116295.875
"B3_6_0_S12-0132_3_BHI_-1_24_1","B3",6,0,"S12-0132",3,"BHI",24,5.01842777637313,"no",104334.4609
"B3_6_0_S12-0141_3_BHI_-1_24_1","B3",6,0,"S12-0141",3,"BHI",24,5.02217987211283,"no",105239.7656
"B3_6_1_S12-0132_3_BHI_-1_24_1","B3",6,1,"S12-0132",3,"BHI",24,5.36942918242542,"no",234114.9688
"B3_6_1_S12-0116_3_BHI_-1_24_1","B3",6,1,"S12-0116",3,"BHI",24,5.30780055896701,"no",203142.3906
"B3_6_1_S12-0141_3_BHI_-1_24_1","B3",6,1,"S12-0141",3,"BHI",24,5.47394369710273,"no",297813.0313
"B3_6_2_S12-0116_3_BHI_-3_24_1","B3",6,2,"S12-0116",3,"BHI",24,6.48484059076212,"no",3053800
"B3_6_2_S12-0132_3_BHI_-1_24_1","B3",6,2,"S12-0132",3,"BHI",24,5.84219369997931,"no",695334.375
"B3_6_2_S12-0141_3_BHI_-3_24_1","B3",6,2,"S12-0141",3,"BHI",24,6.92251290263527,"no",8365904.5
"B3_6_3_S12-0116_3_BHI_-3_24_1","B3",6,3,"S12-0116",3,"BHI",24,7.2338169380988,"no",17132350
"B3_6_3_S12-0132_3_BHI_-3_24_1","B3",6,3,"S12-0132",3,"BHI",24,6.96966094932696,"no",9325260
"B3_6_3_S12-0141_3_BHI_-3_24_1","B3",6,3,"S12-0141",3,"BHI",24,5.34756417841495,"no",222620
"B3_6_4_S12-0116_3_BHI_-3_24_1","B3",6,4,"S12-0116",3,"BHI",24,8.0466225777108,"no",111332658
"B3_6_4_S12-0132_3_BHI_-3_24_1","B3",6,4,"S12-0132",3,"BHI",24,7.95042558467774,"no",89212474.30466
"B3_6_4_S12-0141_3_BHI_-3_24_1","B3",6,4,"S12-0141",3,"BHI",24,7.91433457694151,"no",82098378
"B3_6_6_S12-0116_3_BHI_-4_24_1","B3",6,6,"S12-0116",3,"BHI",24,8.70698945477251,"no",509318504
"B3_6_6_S12-0141_3_BHI_-4_24_1","B3",6,6,"S12-0141",3,"BHI",24,9.00041642246407,"no",1000959308
"B3_6_6_S12-0132_3_BHI_-2_24_1","B3",6,6,"S12-0132",3,"BHI",24,6.73109295981129,"no",5383850.103515
"B3_6_9_S12-0116_3_BHI_-4_24_1","B3",6,9,"S12-0116",3,"BHI",24,9.17851573426358,"no",1508397258
"B3_6_9_S12-0132_3_BHI_-4_24_1","B3",6,9,"S12-0132",3,"BHI",24,7.23021555433642,"no",16990867.54685
"B3_6_9_S12-0141_3_BHI_-4_24_1","B3",6,9,"S12-0141",3,"BHI",24,7.88839894539031,"no",77339070
"B3_6_12_S12-0132_3_BHI_-4_24_1","B3",6,12,"S12-0132",3,"BHI",24,8.74349352149748,"no",553979280
"B3_6_12_S12-0116_3_BHI_-4_24_1","B3",6,12,"S12-0116",3,"BHI",24,8.89864134588961,"no",791847128
"B3_6_12_S12-0141_3_BHI_-4_24_1","B3",6,12,"S12-0141",3,"BHI",24,8.94892319768575,"no",889043882
"B3_6_15_S12-0116_3_BHI_-5_24_1","B3",6,15,"S12-0116",3,"BHI",24,8.94030530272778,"no",871576080
"B3_6_15_S12-0132_3_BHI_-5_24_1","B3",6,15,"S12-0132",3,"BHI",24,9.03036518597145,"no",1072420694.5
"B3_6_15_S12-0141_3_BHI_-5_24_1","B3",6,15,"S12-0141",3,"BHI",24,9.66417115428282,"no",4614994144
"B3_6_18_S12-0116_3_BHI_-6_24_1","B3",6,18,"S12-0116",3,"BHI",24,9.94162646727348,"no",8742315332
"B3_6_18_S12-0132_3_BHI_-6_24_1","B3",6,18,"S12-0132",3,"BHI",24,9.85481503053645,"no",7158384640
"B3_6_18_S12-0141_3_BHI_-6_24_1","B3",6,18,"S12-0141",3,"BHI",24,9.32762196462149,"no",2126287395
"B3_6_21_S12-0116_3_BHI_-6_24_1","B3",6,21,"S12-0116",3,"BHI",24,9.87021166952126,"no",7416716344
"B3_6_21_S12-0141_3_BHI_-6_24_1","B3",6,21,"S12-0141",3,"BHI",24,9.48409087663517,"no",3048532832
"B3_6_24_S12-0132_3_BHI_-6_24_1","B3",6,24,"S12-0132",3,"BHI",24,9.84718632885532,"no",7033740293.75
"B3_6_24_S12-0116_3_BHI_-6_24_1","B3",6,24,"S12-0116",3,"BHI",24,9.62254194904164,"no",4193164970.28125
"B3_6_24_S12-0141_3_BHI_-6_24_1","B3",6,24,"S12-0141",3,"BHI",24,9.84883370627946,"no",7060471532
"B4_6_0_S12-0180_1_BHI_-1_36_1","B4",6,0,"S12-0180",1,"BHI",36,3.4983105537896,"no",3150
"B4_6_0_S12-0184_1_BHI_-1_36_1","B4",6,0,"S12-0184",1,"BHI",36,2.34242268082221,"no",220
"B4_6_0_S12-0166_1_BHI_-1_36_1","B4",6,0,"S12-0166",1,"BHI",36,3.52244423350632,"no",3330
"B4_6_1_S12-0166_1_BHI_-1_36_1","B4",6,1,"S12-0166",1,"BHI",36,2.55630250076729,"no",360
"B4_6_1_S12-0180_1_BHI_-1_36_1","B4",6,1,"S12-0180",1,"BHI",36,3.20951501454263,"no",1620
"B4_6_1_S12-0184_1_BHI_-1_36_1","B4",6,1,"S12-0184",1,"BHI",36,3.43771805154699,"no",2739.79489135
"B4_6_2_S12-0180_1_BHI_-1_36_1","B4",6,2,"S12-0180",1,"BHI",36,2.51851393987789,"no",330
"B4_6_2_S12-0184_1_BHI_-1_36_1","B4",6,2,"S12-0184",1,"BHI",36,4.08273503652054,"no",12098.5977173
"B4_6_3_S12-0166_1_BHI_-3_36_1","B4",6,3,"S12-0166",1,"BHI",36,5.9981732548434,"no",995802.597655
"B4_6_3_S12-0180_1_BHI_-1_36_1","B4",6,3,"S12-0180",1,"BHI",36,4.33585891131982,"no",21670
"B4_6_3_S12-0184_1_BHI_-1_36_1","B4",6,3,"S12-0184",1,"BHI",36,3.9106244048892,"no",8140
"B4_6_4_S12-0166_1_BHI_-1_36_1","B4",6,4,"S12-0166",1,"BHI",36,4.69080115709666,"no",49068.31641
"B4_6_4_S12-0180_1_BHI_-1_36_1","B4",6,4,"S12-0180",1,"BHI",36,3.18752072083646,"no",1540
"B4_6_4_S12-0184_1_BHI_-3_36_1","B4",6,4,"S12-0184",1,"BHI",36,6.28392056130585,"no",1922740
"B4_6_6_S12-0166_1_BHI_-3_36_1","B4",6,6,"S12-0166",1,"BHI",36,5.44057240051471,"no",275786.11725
"B4_6_6_S12-0180_1_BHI_-3_36_1","B4",6,6,"S12-0180",1,"BHI",36,6.55164514265461,"no",3561600
"B4_6_6_S12-0184_1_BHI_-3_36_1","B4",6,6,"S12-0184",1,"BHI",36,5.61886359490757,"no",415780
"B4_6_9_S12-0180_1_BHI_-2_36_1","B4",6,9,"S12-0180",1,"BHI",36,5.34588321293171,"no",221760
"B4_6_9_S12-0184_1_BHI_-2_36_1","B4",6,9,"S12-0184",1,"BHI",36,6.07522189443192,"no",1189109.625
"B4_6_12_S12-0166_1_BHI_-3_36_1","B4",6,12,"S12-0166",1,"BHI",36,6.82149957573349,"no",6629787
"B4_6_12_S12-0180_1_BHI_-4_36_1","B4",6,12,"S12-0180",1,"BHI",36,6.91857338973228,"no",8290360
"B4_6_12_S12-0184_1_BHI_-4_36_1","B4",6,12,"S12-0184",1,"BHI",36,7.31353801463176,"no",20584390.6178894
"B4_6_15_S12-0166_1_BHI_-5_36_1","B4",6,15,"S12-0166",1,"BHI",36,7.56881716431575,"no",37052470
"B4_6_15_S12-0184_1_BHI_-5_36_1","B4",6,15,"S12-0184",1,"BHI",36,8.5711206691113,"no",372495190
"B4_6_15_S12-0180_1_BHI_-5_36_1","B4",6,15,"S12-0180",1,"BHI",36,8.20631636294277,"no",160811226
"B4_6_18_S12-0180_1_BHI_-5_36_1","B4",6,18,"S12-0180",1,"BHI",36,7.4506444135444,"no",28225680
"B4_6_18_S12-0184_1_BHI_-5_36_1","B4",6,18,"S12-0184",1,"BHI",36,7.14288980543904,"no",13896000
"B4_6_21_S12-0180_1_BHI_-4_36_1","B4",6,21,"S12-0180",1,"BHI",36,8.09694161459914,"no",125009096
"B4_6_21_S12-0166_1_BHI_-6_36_1","B4",6,21,"S12-0166",1,"BHI",36,9.2051143256942,"no",1603667492
"B4_6_21_S12-0184_1_BHI_-6_36_1","B4",6,21,"S12-0184",1,"BHI",36,8.7450038071438,"no",555909130.5
"B4_6_24_S12-0166_1_BHI_-6_36_1","B4",6,24,"S12-0166",1,"BHI",36,9.10539433565811,"no",1274659936
"B4_6_24_S12-0180_1_BHI_-6_36_1","B4",6,24,"S12-0180",1,"BHI",36,9.25728276908282,"no",1808351160
"B4_6_24_S12-0184_1_BHI_-6_36_1","B4",6,24,"S12-0184",1,"BHI",36,9.02347807536804,"no",1055548214.28125
"B4_6_27_S12-0166_1_BHI_-6_36_1","B4",6,27,"S12-0166",1,"BHI",36,9.50570407543175,"no",3204085344
"B4_6_27_S12-0184_1_BHI_-6_36_1","B4",6,27,"S12-0184",1,"BHI",36,9.39456365898382,"no",2480639523.75
"B4_6_27_S12-0180_1_BHI_-6_36_1","B4",6,27,"S12-0180",1,"BHI",36,9.83933274685259,"no",6907688530
"B4_6_30_S12-0184_1_BHI_-6_36_1","B4",6,30,"S12-0184",1,"BHI",36,9.34993554701223,"no",2238388918
"B5_6_0_S12-0166_2_BHI_-3_36_1","B5",6,0,"S12-0166",2,"BHI",36,6.2805669893363,"no",1907950
"B5_6_0_S12-0180_2_BHI_-1_36_1","B5",6,0,"S12-0180",2,"BHI",36,4.41796964221474,"no",26180
"B5_6_0_S12-0184_2_BHI_-1_36_1","B5",6,0,"S12-0184",2,"BHI",36,4.27646180417324,"no",18900
"B5_6_1_S12-0166_2_BHI_-1_36_1","B5",6,1,"S12-0166",2,"BHI",36,4.86767465088703,"no",73735.16406
"B5_6_1_S12-0180_2_BHI_-1_36_1","B5",6,1,"S12-0180",2,"BHI",36,5.030341560171,"no",107236.2355955
"B5_6_1_S12-0184_2_BHI_-3_36_1","B5",6,1,"S12-0184",2,"BHI",36,5.38013885326542,"no",239960
"B5_6_2_S12-0166_2_BHI_-1_36_1","B5",6,2,"S12-0166",2,"BHI",36,5.52477884184622,"no",334794.9063
"B5_6_2_S12-0180_2_BHI_-1_36_1","B5",6,2,"S12-0180",2,"BHI",36,4.97524032630799,"no",94458.34375
"B5_6_2_S12-0184_2_BHI_-1_36_1","B5",6,2,"S12-0184",2,"BHI",36,5.53941898236193,"no",346273.2813
"B5_6_3_S12-0166_2_BHI_-1_36_1","B5",6,3,"S12-0166",2,"BHI",36,5.16134956319741,"no",144993.8438
"B5_6_3_S12-0180_2_BHI_-3_36_1","B5",6,3,"S12-0180",2,"BHI",36,7.28803913904161,"no",19410608
"B5_6_3_S12-0184_2_BHI_-3_36_1","B5",6,3,"S12-0184",2,"BHI",36,7.27257538523162,"no",18731622
"B5_6_4_S12-0166_2_BHI_-3_36_1","B5",6,4,"S12-0166",2,"BHI",36,5.20858076210172,"no",161651.88086
"B5_6_4_S12-0180_2_BHI_-3_36_1","B5",6,4,"S12-0180",2,"BHI",36,6.27732493914452,"no",1893760
"B5_6_4_S12-0184_2_BHI_-3_36_1","B5",6,4,"S12-0184",2,"BHI",36,7.21214076201903,"no",16298242
"B5_6_6_S12-0180_2_BHI_-2_36_1","B5",6,6,"S12-0180",2,"BHI",36,5.89415441855638,"no",783708.25
"B5_6_6_S12-0166_2_BHI_-4_36_1","B5",6,6,"S12-0166",2,"BHI",36,8.67968937763717,"no",478287882
"B5_6_6_S12-0184_2_BHI_-4_36_1","B5",6,6,"S12-0184",2,"BHI",36,7.71329894084685,"no",51677196
"B5_6_9_S12-0184_2_BHI_-3_36_1","B5",6,9,"S12-0184",2,"BHI",36,7.08583305386069,"no",12185211
"B5_6_9_S12-0180_2_BHI_-3_36_1","B5",6,9,"S12-0180",2,"BHI",36,6.49701124351093,"no",3140590
"B5_6_9_S12-0166_2_BHI_-5_36_1","B5",6,9,"S12-0166",2,"BHI",36,8.52491259285893,"no",334898030
"B5_6_12_S12-0166_2_BHI_-3_36_1","B5",6,12,"S12-0166",2,"BHI",36,7.2989797671633,"no",19905806
"B5_6_12_S12-0184_2_BHI_-5_36_1","B5",6,12,"S12-0184",2,"BHI",36,7.32606372706662,"no",21186720
"B5_6_12_S12-0180_2_BHI_-5_36_1","B5",6,12,"S12-0180",2,"BHI",36,8.61421379056395,"no",411352168
"B5_6_15_S12-0166_2_BHI_-4_36_1","B5",6,15,"S12-0166",2,"BHI",36,7.99592497849623,"no",99066080
"B5_6_15_S12-0180_2_BHI_-4_36_1","B5",6,15,"S12-0180",2,"BHI",36,8.18021816871082,"no",151432178
"B5_6_15_S12-0184_2_BHI_-4_36_1","B5",6,15,"S12-0184",2,"BHI",36,8.54732943731933,"no",352638266
"B5_6_18_S12-0166_2_BHI_-6_36_1","B5",6,18,"S12-0166",2,"BHI",36,8.54218042535067,"no",348482060
"B5_6_18_S12-0180_2_BHI_-6_36_1","B5",6,18,"S12-0180",2,"BHI",36,8.70327308576585,"no",504978730
"B5_6_18_S12-0184_2_BHI_-6_36_1","B5",6,18,"S12-0184",2,"BHI",36,9.26213576417192,"no",1828671785.25
"B5_6_21_S12-0166_2_BHI_-6_36_1","B5",6,21,"S12-0166",2,"BHI",36,8.71334724343733,"no",516829439
"B5_6_21_S12-0180_2_BHI_-6_36_1","B5",6,21,"S12-0180",2,"BHI",36,9.01318783117421,"no",1030831856
"B5_6_21_S12-0184_2_BHI_-6_36_1","B5",6,21,"S12-0184",2,"BHI",36,9.42735152601359,"no",2675170865.5156
"B5_6_24_S12-0180_2_BHI_-6_36_1","B5",6,24,"S12-0180",2,"BHI",36,9.93135881828323,"no",8538052448
"B5_6_24_S12-0166_2_BHI_-6_36_1","B5",6,24,"S12-0166",2,"BHI",36,10.0007396188818,"no",10017044864
"B5_6_24_S12-0184_2_BHI_-6_36_1","B5",6,24,"S12-0184",2,"BHI",36,9.60674031291051,"no",4043340472
"B5_6_27_S12-0180_2_BHI_-6_36_1","B5",6,27,"S12-0180",2,"BHI",36,9.56815491680674,"no",3699601244
"B5_6_27_S12-0184_2_BHI_-6_36_2","B5",6,27,"S12-0184",2,"BHI",36,9.86368707149047,"no",7306124549.75
"B5_6_30_S12-0166_2_BHI_-6_36_1","B5",6,30,"S12-0166",2,"BHI",36,9.52266772574967,"no",3331714092
"B5_6_30_S12-0180_2_BHI_-6_36_1","B5",6,30,"S12-0180",2,"BHI",36,9.66563892533027,"no",4630617677.10425
"B5_6_30_S12-0184_2_BHI_-6_36_1","B5",6,30,"S12-0184",2,"BHI",36,9.44867937781896,"no",2809825682.99414
"B6_6_0_S12-0132_4_BHI_-1_24_1","B6",6,0,"S12-0132",4,"BHI",24,2.47712125471966,"no",300
"B6_6_0_S12-0116_4_BHI_-1_24_1","B6",6,0,"S12-0116",4,"BHI",24,2.77815125038364,"no",600
"B6_6_0_S12-0141_4_BHI_-1_24_1","B6",6,0,"S12-0141",4,"BHI",24,3.34242268082221,"no",2200
"B6_6_1_S12-0116_4_BHI_-1_24_1","B6",6,1,"S12-0116",4,"BHI",24,3.74036268949424,"no",5500
"B6_6_1_S12-0132_4_BHI_-1_24_1","B6",6,1,"S12-0132",4,"BHI",24,2.69897000433602,"no",500
"B6_6_1_S12-0141_4_BHI_-3_24_1","B6",6,1,"S12-0141",4,"BHI",24,5.55613357562008,"no",359860
"B6_6_2_S12-0116_4_BHI_-1_24_1","B6",6,2,"S12-0116",4,"BHI",24,3.57287160220048,"no",3740
"B6_6_2_S12-0132_4_BHI_-1_24_1","B6",6,2,"S12-0132",4,"BHI",24,3.80617997398389,"no",6400
"B6_6_2_S12-0141_4_BHI_-1_24_1","B6",6,2,"S12-0141",4,"BHI",24,4.34439227368511,"no",22100
"B6_6_3_S12-0116_4_BHI_-1_24_1","B6",6,3,"S12-0116",4,"BHI",24,3.48572142648158,"no",3060
"B6_6_3_S12-0132_4_BHI_-1_24_1","B6",6,3,"S12-0132",4,"BHI",24,5.41383059610674,"no",259316.7656
"B6_6_3_S12-0141_4_BHI_-1_24_1","B6",6,3,"S12-0141",4,"BHI",24,4.00860017176192,"no",10200
"B6_6_4_S12-0132_4_BHI_-3_24_1","B6",6,4,"S12-0132",4,"BHI",24,3.32221929473392,"no",2100
"B6_6_4_S12-0116_4_BHI_-1_24_1","B6",6,4,"S12-0116",4,"BHI",24,3.83884909073726,"no",6900
"B6_6_4_S12-0141_4_BHI_-1_24_1","B6",6,4,"S12-0141",4,"BHI",24,4.19589965240923,"no",15700
"B6_6_6_S12-0116_4_BHI_-3_24_1","B6",6,6,"S12-0116",4,"BHI",24,5.57342862811939,"no",374480
"B6_6_6_S12-0132_4_BHI_-1_24_1","B6",6,6,"S12-0132",4,"BHI",24,4.5572665288699,"no",36080
"B6_6_6_S12-0141_4_BHI_-3_24_1","B6",6,6,"S12-0141",4,"BHI",24,6.11539747209832,"no",1304360
"B6_6_9_S12-0132_4_BHI_-4_24_1","B6",6,9,"S12-0132",4,"BHI",24,7.29918205533429,"no",19915080
"B6_6_9_S12-0116_4_BHI_-2_24_1","B6",6,9,"S12-0116",4,"BHI",24,5.40046891121749,"no",251460
"B6_6_9_S12-0141_4_BHI_-2_24_1","B6",6,9,"S12-0141",4,"BHI",24,5.77684209803618,"no",598194.0625
"B6_6_12_S12-0132_4_BHI_-3_24_1","B6",6,12,"S12-0132",4,"BHI",24,6.47948461276223,"no",3016370
"B6_6_12_S12-0116_4_BHI_-5_24_1","B6",6,12,"S12-0116",4,"BHI",24,8.28647901474917,"no",193410040
"B6_6_12_S12-0141_4_BHI_-3_24_1","B6",6,12,"S12-0141",4,"BHI",24,7.0799295418489,"no",12020694
"B6_6_15_S12-0132_4_BHI_-4_24_1","B6",6,15,"S12-0132",4,"BHI",24,6.11324792464519,"no",1297920
"B6_6_15_S12-0116_4_BHI_-6_24_1","B6",6,15,"S12-0116",4,"BHI",24,8.96804496267194,"no",929062568
"B6_6_15_S12-0141_4_BHI_-4_24_1","B6",6,15,"S12-0141",4,"BHI",24,7.91524690582776,"no",82271024.5625
"B6_6_18_S12-0132_4_BHI_-3_24_1","B6",6,18,"S12-0132",4,"BHI",24,7.25398900735347,"no",17946882
"B6_6_18_S12-0116_4_BHI_-5_24_1","B6",6,18,"S12-0116",4,"BHI",24,7.98109811580536,"no",95741034.5
"B6_6_18_S12-0141_4_BHI_-5_24_1","B6",6,18,"S12-0141",4,"BHI",24,8.03980774469777,"no",109599291
"B6_6_21_S12-0116_4_BHI_-6_24_1","B6",6,21,"S12-0116",4,"BHI",24,9.58347241255678,"no",3832413952
"B6_6_21_S12-0132_4_BHI_-6_24_1","B6",6,21,"S12-0132",4,"BHI",24,9.83617213390912,"no",6857599756
"B6_6_21_S12-0141_4_BHI_-6_24_1","B6",6,21,"S12-0141",4,"BHI",24,9.56906855578211,"no",3707392404
"B6_6_24_S12-0116_4_BHI_-6_24_1","B6",6,24,"S12-0116",4,"BHI",24,9.8696947501536,"no",7407893842.75
"B6_6_24_S12-0132_4_BHI_-6_24_1","B6",6,24,"S12-0132",4,"BHI",24,9.50708072485007,"no",3214257936
"B6_6_24_S12-0141_4_BHI_-6_24_1","B6",6,24,"S12-0141",4,"BHI",24,9.62002238617108,"no",4168908720
"B7_6_0_S12-0166_3_BHI_-3_36_1","B7",6,0,"S12-0166",3,"BHI",36,5.45200122772659,"no",283140
"B7_6_0_S12-0180_3_BHI_-3_36_1","B7",6,0,"S12-0180",3,"BHI",36,5.09286094333882,"no",123840
"B7_6_0_S12-0184_3_BHI_-1_36_1","B7",6,0,"S12-0184",3,"BHI",36,4.24551266781415,"no",17600
"B7_6_1_S12-0184_3_BHI_-1_36_1","B7",6,1,"S12-0184",3,"BHI",36,3.87390159786446,"no",7480
"B7_6_1_S12-0180_3_BHI_-1_36_1","B7",6,1,"S12-0180",3,"BHI",36,3.7160033436348,"no",5200
"B7_6_1_S12-0166_3_BHI_-1_36_1","B7",6,1,"S12-0166",3,"BHI",36,3.73239375982297,"no",5400
"B7_6_2_S12-0166_3_BHI_-1_36_1","B7",6,2,"S12-0166",3,"BHI",36,4.72552113378574,"no",53152.1863975
"B7_6_2_S12-0180_3_BHI_-3_36_1","B7",6,2,"S12-0180",3,"BHI",36,7.53786197038151,"no",34503406.147705
"B7_6_3_S12-0166_3_BHI_-3_36_1","B7",6,3,"S12-0166",3,"BHI",36,6.73029119692834,"no",5373920
"B7_6_3_S12-0180_3_BHI_-3_36_1","B7",6,3,"S12-0180",3,"BHI",36,7.16832868282637,"no",14734272
"B7_6_3_S12-0184_3_BHI_-1_36_1","B7",6,3,"S12-0184",3,"BHI",36,4.40140054078154,"no",25200
"B7_6_4_S12-0184_3_BHI_-3_36_1","B7",6,4,"S12-0184",3,"BHI",36,7.14987646325597,"no",14121358
"B7_6_4_S12-0180_3_BHI_-3_36_1","B7",6,4,"S12-0180",3,"BHI",36,6.37177324865369,"no",2353820
"B7_6_4_S12-0166_3_BHI_-3_36_1","B7",6,4,"S12-0166",3,"BHI",36,5.97401535843824,"no",941922.9062
"B7_6_6_S12-0166_3_BHI_-4_36_1","B7",6,6,"S12-0166",3,"BHI",36,7.5909066732939,"no",38985820
"B7_6_6_S12-0184_3_BHI_-4_36_1","B7",6,6,"S12-0184",3,"BHI",36,7.13739842487334,"no",13721400
"B7_6_6_S12-0180_3_BHI_-2_36_1","B7",6,6,"S12-0180",3,"BHI",36,5.02143739646709,"no",105060
"B7_6_9_S12-0166_3_BHI_-3_36_1","B7",6,9,"S12-0166",3,"BHI",36,6.97615295402533,"no",9465704.75
"B7_6_9_S12-0184_3_BHI_-5_36_1","B7",6,9,"S12-0184",3,"BHI",36,8.03430625912088,"no",108219683.416015
"B7_6_9_S12-0180_3_BHI_-5_36_1","B7",6,9,"S12-0180",3,"BHI",36,8.17271919449143,"no",148839840
"B7_6_12_S12-0166_3_BHI_-5_36_1","B7",6,12,"S12-0166",3,"BHI",36,7.72086404208266,"no",52585262
"B7_6_12_S12-0180_3_BHI_-5_36_1","B7",6,12,"S12-0180",3,"BHI",36,7.54259664657942,"no",34881620
"B7_6_12_S12-0184_3_BHI_-5_36_1","B7",6,12,"S12-0184",3,"BHI",36,8.17220721611635,"no",148664480
"B7_6_15_S12-0166_3_BHI_-5_36_1","B7",6,15,"S12-0166",3,"BHI",36,8.59434930788045,"no",392960871.125
"B7_6_15_S12-0180_3_BHI_-5_36_1","B7",6,15,"S12-0180",3,"BHI",36,8.72990914796506,"no",536919464
"B7_6_15_S12-0184_3_BHI_-5_36_1","B7",6,15,"S12-0184",3,"BHI",36,8.26374135594662,"no",183544491.867185
"B7_6_18_S12-0180_3_BHI_-4_36_1","B7",6,18,"S12-0180",3,"BHI",36,7.36336374068453,"no",23086800
"B7_6_18_S12-0166_3_BHI_-6_36_1","B7",6,18,"S12-0166",3,"BHI",36,8.91384463323836,"no",820058120
"B7_6_18_S12-0184_3_BHI_-6_36_1","B7",6,18,"S12-0184",3,"BHI",36,9.08902917544483,"no",1227521692
"B7_6_21_S12-0166_3_BHI_-6_36_1","B7",6,21,"S12-0166",3,"BHI",36,9.93835843188094,"no",8676776920
"B7_6_21_S12-0180_3_BHI_-6_36_1","B7",6,21,"S12-0180",3,"BHI",36,9.4810512087375,"no",3027270360
"B7_6_21_S12-0184_3_BHI_-6_36_1","B7",6,21,"S12-0184",3,"BHI",36,9.54678058574889,"no",3521928912
"B7_6_24_S12-0180_3_BHI_-6_36_1","B7",6,24,"S12-0180",3,"BHI",36,9.74362326475279,"no",5541448032
"B7_6_24_S12-0166_3_BHI_-6_36_1","B7",6,24,"S12-0166",3,"BHI",36,9.33414502213325,"no",2158465056
"B7_6_24_S12-0184_3_BHI_-6_36_1","B7",6,24,"S12-0184",3,"BHI",36,9.20034986740296,"no",1586170496
"B7_6_27_S12-0166_3_BHI_-6_36_1","B7",6,27,"S12-0166",3,"BHI",36,9.46036785696268,"no",2886475376
"B7_6_27_S12-0180_3_BHI_-6_36_1","B7",6,27,"S12-0180",3,"BHI",36,9.70016961117264,"no",5013830076
"B7_6_27_S12-0184_3_BHI_-6_36_1","B7",6,27,"S12-0184",3,"BHI",36,9.86752352564016,"no",7370951025.42185
"B7_6_30_S12-0166_3_BHI_-6_36_1","B7",6,30,"S12-0166",3,"BHI",36,9.60376969529373,"no",4015777992
"B7_6_30_S12-0180_3_BHI_-6_36_1","B7",6,30,"S12-0180",3,"BHI",36,9.46187962026211,"no",2896540600
"B8_10_0_S12-0116_1_BHI_-1_24_1","B8",10,0,"S12-0116",1,"BHI",24,3.32014628611105,"no",2090
"B8_10_0_S12-0132_1_BHI_-1_24_1","B8",10,0,"S12-0132",1,"BHI",24,3.47712125471966,"no",3000
"B8_10_0_S12-0141_1_BHI_-1_24_1","B8",10,0,"S12-0141",1,"BHI",24,3.66275783168157,"no",4600
"B8_10_1_S12-0132_1_BHI_-1_24_1","B8",10,1,"S12-0132",1,"BHI",24,3.84073323461181,"no",6930
"B8_10_1_S12-0116_1_BHI_-1_24_1","B8",10,1,"S12-0116",1,"BHI",24,4.22036963245139,"no",16610
"B8_10_1_S12-0141_1_BHI_-1_24_1","B8",10,1,"S12-0141",1,"BHI",24,3.99078269180314,"no",9790
"B8_10_2_S12-0141_1_BHI_-1_24_2","B8",10,2,"S12-0141",1,"BHI",24,5.41312785676378,"no",258897.5
"B8_10_2_S12-0132_1_BHI_-1_24_1","B8",10,2,"S12-0132",1,"BHI",24,4.40688067004912,"no",25520
"B8_10_2_S12-0116_1_BHI_-1_24_1","B8",10,2,"S12-0116",1,"BHI",24,5.03796626016201,"no",109135.5547
"B8_10_3_S12-0132_1_BHI_-3_24_1","B8",10,3,"S12-0132",1,"BHI",24,5.98945710405243,"no",976016.375
"B8_10_3_S12-0116_1_BHI_-3_24_1","B8",10,3,"S12-0116",1,"BHI",24,6.46276025802737,"no",2902420
"B8_10_4_S12-0116_1_BHI_-2_24_1","B8",10,4,"S12-0116",1,"BHI",24,4.67760695272049,"no",47600
"B8_10_4_S12-0141_1_BHI_-2_24_1","B8",10,4,"S12-0141",1,"BHI",24,6.21495442679389,"no",1640417.625
"B8_10_4_S12-0132_1_BHI_-2_24_1","B8",10,4,"S12-0132",1,"BHI",24,5.31437290000933,"no",206240
"B8_10_6_S12-0116_1_BHI_-3_24_1","B8",10,6,"S12-0116",1,"BHI",24,6.37763221391315,"no",2385790
"B8_10_6_S12-0141_1_BHI_-5_24_1","B8",10,6,"S12-0141",1,"BHI",24,7.52846284069351,"no",33764695.75
"B8_10_6_S12-0132_1_BHI_-3_24_1","B8",10,6,"S12-0132",1,"BHI",24,7.2917964510267,"no",19579268
"B8_10_9_S12-0116_1_BHI_-5_24_1","B8",10,9,"S12-0116",1,"BHI",24,7.73873102383619,"no",54793749.99215
"B8_10_9_S12-0132_1_BHI_-5_24_1","B8",10,9,"S12-0132",1,"BHI",24,8.12282163566234,"no",132684941
"B8_10_9_S12-0141_1_BHI_-5_24_1","B8",10,9,"S12-0141",1,"BHI",24,7.82299287704077,"no",66526224.5
"B8_10_12_S12-0116_1_BHI_-5_24_1","B8",10,12,"S12-0116",1,"BHI",24,7.50832417161489,"no",32234740
"B8_10_12_S12-0132_1_BHI_-5_24_1","B8",10,12,"S12-0132",1,"BHI",24,8.14966793499146,"no",141145792
"B8_10_12_S12-0141_1_BHI_-5_24_1","B8",10,12,"S12-0141",1,"BHI",24,8.64387039760511,"no",440423412.5
"B8_10_15_S12-0141_1_BHI_-6_24_1","B8",10,15,"S12-0141",1,"BHI",24,8.59034590563592,"no",389355134
"B8_10_15_S12-0132_1_BHI_-6_24_1","B8",10,15,"S12-0132",1,"BHI",24,9.27396500049343,"no",1879165370
"B8_10_15_S12-0116_1_BHI_-6_24_1","B8",10,15,"S12-0116",1,"BHI",24,9.21607183896392,"no",1644643750
"B8_10_18_S12-0132_1_BHI_-6_24_1","B8",10,18,"S12-0132",1,"BHI",24,9.27620639885902,"no",1888888832
"B8_10_18_S12-0116_1_BHI_-6_24_1","B8",10,18,"S12-0116",1,"BHI",24,9.84058978219302,"no",6927711320
"B8_10_18_S12-0141_1_BHI_-6_24_1","B8",10,18,"S12-0141",1,"BHI",24,9.0071508640784,"no",1016601776
"B8_10_21_S12-0116_1_BHI_-6_24_1","B8",10,21,"S12-0116",1,"BHI",24,9.63652579406471,"no",4330377864
"B8_10_21_S12-0132_1_BHI_-6_24_1","B8",10,21,"S12-0132",1,"BHI",24,9.85132729538566,"no",7101127254
"B8_10_21_S12-0141_1_BHI_-6_24_1","B8",10,21,"S12-0141",1,"BHI",24,9.71890900187963,"no",5234907376
"B8_10_24_S12-0116_1_BHI_-6_24_1","B8",10,24,"S12-0116",1,"BHI",24,9.81608875853142,"no",6547699784
"B8_10_24_S12-0132_1_BHI_-6_24_1","B8",10,24,"S12-0132",1,"BHI",24,9.32908111905306,"no",2133443368
"B8_10_24_S12-0141_1_BHI_-6_24_1","B8",10,24,"S12-0141",1,"BHI",24,10.0852680682743,"no",12169369232
"B9_10_0_S12-0166_1_BHI_-3_36_1","B9",10,0,"S12-0166",1,"BHI",36,6.28971378311702,"no",1948560
"B9_10_0_S12-0180_1_BHI_-3_36_1","B9",10,0,"S12-0180",1,"BHI",36,6.14108587976379,"no",1383840
"B9_10_0_S12-0184_1_BHI_-3_36_1","B9",10,0,"S12-0184",1,"BHI",36,5.63481973399518,"no",431340
"B9_10_1_S12-0180_1_BHI_-3_36_1","B9",10,1,"S12-0180",1,"BHI",36,6.07838430874819,"no",1197800
"B9_10_1_S12-0166_1_BHI_-3_36_1","B9",10,1,"S12-0166",1,"BHI",36,6.14380144142369,"no",1392520
"B9_10_1_S12-0184_1_BHI_-1_36_1","B9",10,1,"S12-0184",1,"BHI",36,4.75463780269701,"no",56837.87109
"B9_10_2_S12-0166_1_BHI_-3_36_1","B9",10,2,"S12-0166",1,"BHI",36,7.00483100516805,"no",10111859
"B9_10_2_S12-0180_1_BHI_-3_36_1","B9",10,2,"S12-0180",1,"BHI",36,6.40914831878228,"no",2565360
"B9_10_2_S12-0184_1_BHI_-3_36_1","B9",10,2,"S12-0184",1,"BHI",36,7.73574637511264,"no",54418476
"B9_10_3_S12-0166_1_BHI_-4_36_1","B9",10,3,"S12-0166",1,"BHI",36,6.94187501445177,"no",8747320
"B9_10_3_S12-0180_1_BHI_-4_36_1","B9",10,3,"S12-0180",1,"BHI",36,6.66143405039392,"no",4586000
"B9_10_3_S12-0184_1_BHI_-4_36_1","B9",10,3,"S12-0184",1,"BHI",36,6.52556305827007,"no",3354000
"B9_10_4_S12-0166_1_BHI_-5_36_1","B9",10,4,"S12-0166",1,"BHI",36,7.62323336597495,"no",41998460
"B9_10_4_S12-0180_1_BHI_-5_36_1","B9",10,4,"S12-0180",1,"BHI",36,8.38207888458912,"no",241034320
"B9_10_4_S12-0184_1_BHI_-5_36_1","B9",10,4,"S12-0184",1,"BHI",36,7.61568034781918,"no",41274360
"B9_10_6_S12-0180_1_BHI_-5_36_1","B9",10,6,"S12-0180",1,"BHI",36,8.17424709864465,"no",149364400
"B9_10_6_S12-0166_1_BHI_-5_36_1","B9",10,6,"S12-0166",1,"BHI",36,8.45751059597011,"no",286754733.75
"B9_10_6_S12-0184_1_BHI_-5_36_1","B9",10,6,"S12-0184",1,"BHI",36,8.41801794608037,"no",261829120
"B9_10_9_S12-0180_1_BHI_-6_36_1","B9",10,9,"S12-0180",1,"BHI",36,8.8609033314951,"no",725944353.341795
"B9_10_9_S12-0166_1_BHI_-6_36_1","B9",10,9,"S12-0166",1,"BHI",36,9.14929167134949,"no",1410235592
"B9_10_9_S12-0184_1_BHI_-6_36_1","B9",10,9,"S12-0184",1,"BHI",36,8.56128177406113,"no",364151224
"B9_10_12_S12-0166_1_BHI_-6_36_1","B9",10,12,"S12-0166",1,"BHI",36,9.79268396937693,"no",6204174000
"B9_10_12_S12-0180_1_BHI_-6_36_1","B9",10,12,"S12-0180",1,"BHI",36,9.4340931239488,"no",2717021806
"B9_10_12_S12-0184_1_BHI_-6_36_1","B9",10,12,"S12-0184",1,"BHI",36,9.35773985529718,"no",2278976544
"B9_10_15_S12-0166_1_BHI_-6_36_1","B9",10,15,"S12-0166",1,"BHI",36,9.55158762994594,"no",3561128376
"B9_10_15_S12-0180_1_BHI_-6_36_1","B9",10,15,"S12-0180",1,"BHI",36,9.08926497285131,"no",1228188348
"B9_10_15_S12-0184_1_BHI_-6_36_1","B9",10,15,"S12-0184",1,"BHI",36,10.0684286465942,"no",11706542512
"B9_10_18_S12-0166_1_BHI_-6_36_1","B9",10,18,"S12-0166",1,"BHI",36,9.70582009188098,"no",5079489792
"B9_10_18_S12-0180_1_BHI_-6_36_1","B9",10,18,"S12-0180",1,"BHI",36,10.0100685816329,"no",10234545984
"B9_10_18_S12-0184_1_BHI_-6_36_1","B9",10,18,"S12-0184",1,"BHI",36,9.78088254825464,"no",6037853180
"B9_10_21_S12-0180_1_BHI_-6_36_1","B9",10,21,"S12-0180",1,"BHI",36,9.52005766458265,"no",3311750912
"B9_10_21_S12-0166_1_BHI_-6_36_1","B9",10,21,"S12-0166",1,"BHI",36,9.56086897774611,"no",3638052632
"B9_10_24_S12-0166_1_BHI_-6_36_1","B9",10,24,"S12-0166",1,"BHI",36,9.61363929748696,"no",4108083832
"B9_10_24_S12-0180_1_BHI_-6_36_1","B9",10,24,"S12-0180",1,"BHI",36,9.51859928009695,"no",3300648524
"B2_6_0_S12-0116_2_BHIrif_-1_24_1","B2",6,0,"S12-0116",2,"BHIrif",24,3,"no",1000
"B2_6_0_S12-0132_2_BHIrif_-1_24_2","B2",6,0,"S12-0132",2,"BHIrif",24,3.64345267648619,"no",4400
"B2_6_0_S12-0141_2_BHIrif_-1_24_2","B2",6,0,"S12-0141",2,"BHIrif",24,3.36172783601759,"no",2300
"B2_6_1_S12-0116_2_BHIrif_-1_24_1","B2",6,1,"S12-0116",2,"BHIrif",24,3,"no",1000
"B2_6_1_S12-0132_2_BHIrif_-1_24_1","B2",6,1,"S12-0132",2,"BHIrif",24,3.97772360528885,"no",9500
"B2_6_1_S12-0141_2_BHIrif_-1_24_1","B2",6,1,"S12-0141",2,"BHIrif",24,2.64345267648619,"no",440
"B2_6_2_S12-0141_2_BHIrif_-1_24_2","B2",6,2,"S12-0141",2,"BHIrif",24,3.20411998265592,"no",1600
"B2_6_2_S12-0132_2_BHIrif_-1_24_2","B2",6,2,"S12-0132",2,"BHIrif",24,3.79934054945358,"no",6300
"B2_6_2_S12-0116_2_BHIrif_-1_24_2","B2",6,2,"S12-0116",2,"BHIrif",24,2.64345267648619,"no",440
"B2_6_3_S12-0116_2_BHIrif_-1_24_1","B2",6,3,"S12-0116",2,"BHIrif",24,2.77815125038364,"no",600
"B2_6_3_S12-0132_2_BHIrif_-1_24_2","B2",6,3,"S12-0132",2,"BHIrif",24,4.46627432178929,"no",29260
"B2_6_3_S12-0141_2_BHIrif_-1_24_1","B2",6,3,"S12-0141",2,"BHIrif",24,4.09061070782841,"no",12320
"B2_6_4_S12-0116_2_BHIrif_-1_24_1","B2",6,4,"S12-0116",2,"BHIrif",24,3.47275644931721,"no",2970
"B2_6_4_S12-0132_2_BHIrif_-1_24_2","B2",6,4,"S12-0132",2,"BHIrif",24,5.85183142267323,"no",710937.5
"B2_6_4_S12-0141_2_BHIrif_-1_24_1","B2",6,4,"S12-0141",2,"BHIrif",24,4.34458874257871,"no",22110
"B2_6_6_S12-0116_2_BHIrif_-1_24_1","B2",6,6,"S12-0116",2,"BHIrif",24,3.39011448298893,"no",2455.356079
"B2_6_6_S12-0132_2_BHIrif_-1_24_1","B2",6,6,"S12-0132",2,"BHIrif",24,5.25268831964915,"no",178932.125
"B2_6_6_S12-0141_2_BHIrif_-1_24_1","B2",6,6,"S12-0141",2,"BHIrif",24,4.18752072083646,"no",15400
"B2_6_9_S12-0116_2_BHIrif_-1_24_1","B2",6,9,"S12-0116",2,"BHIrif",24,4.77042363046461,"no",58941.83203
"B2_6_9_S12-0132_2_BHIrif_-3_24_1","B2",6,9,"S12-0132",2,"BHIrif",24,7.0042231519242,"no",10097716
"B2_6_9_S12-0141_2_BHIrif_-1_24_1","B2",6,9,"S12-0141",2,"BHIrif",24,5.44184425155383,"no",276594.95315
"B2_6_12_S12-0116_2_BHIrif_-2_24_1","B2",6,12,"S12-0116",2,"BHIrif",24,5.02612451674545,"no",106200
"B2_6_12_S12-0132_2_BHIrif_-4_24_1","B2",6,12,"S12-0132",2,"BHIrif",24,7.44427547311582,"no",27814770
"B2_6_12_S12-0141_2_BHIrif_-4_24_2","B2",6,12,"S12-0141",2,"BHIrif",24,7.24010349336621,"no",17382150
"B2_6_15_S12-0116_2_BHIrif_-3_24_1","B2",6,15,"S12-0116",2,"BHIrif",24,6.57484697482905,"no",3757050
"B2_6_15_S12-0132_2_BHIrif_-5_24_1","B2",6,15,"S12-0132",2,"BHIrif",24,8.06401223431053,"no",115881000
"B2_6_15_S12-0141_2_BHIrif_-5_24_1","B2",6,15,"S12-0141",2,"BHIrif",24,7.78095524906276,"no",60388640
"B2_6_18_S12-0116_2_BHIrif_-3_24_1","B2",6,18,"S12-0116",2,"BHIrif",24,6.77759220706542,"no",5992281.5
"B2_6_18_S12-0132_2_BHIrif_-4_24_2","B2",6,18,"S12-0132",2,"BHIrif",24,7.75920370983493,"no",57438582
"B2_6_18_S12-0141_2_BHIrif_-5_24_1","B2",6,18,"S12-0141",2,"BHIrif",24,7.9076078238338,"no",80836560
"B2_6_21_S12-0116_2_BHIrif_-3_24_1","B2",6,21,"S12-0116",2,"BHIrif",24,6.60932329071407,"no",4067460
"B2_6_21_S12-0132_2_BHIrif_-5_24_1","B2",6,21,"S12-0132",2,"BHIrif",24,7.99781251787711,"no",99497580
"B2_6_21_S12-0141_2_BHIrif_-5_24_1","B2",6,21,"S12-0141",2,"BHIrif",24,8.18281559332871,"no",152340576
"B3_6_0_S12-0116_3_BHIrif_-1_24_1","B3",6,0,"S12-0116",3,"BHIrif",24,2.77815125038364,"no",600
"B3_6_0_S12-0132_3_BHIrif_-1_24_1","B3",6,0,"S12-0132",3,"BHIrif",24,3.42160392686983,"no",2640
"B3_6_0_S12-0141_3_BHIrif_-1_24_1","B3",6,0,"S12-0141",3,"BHIrif",24,3.15836249209525,"no",1440
"B3_6_1_S12-0116_3_BHIrif_-1_24_1","B3",6,1,"S12-0116",3,"BHIrif",24,2.69897000433602,"no",500
"B3_6_1_S12-0141_3_BHIrif_-1_24_2","B3",6,1,"S12-0141",3,"BHIrif",24,3.04139268515822,"no",1100
"B3_6_1_S12-0132_3_BHIrif_-1_24_2","B3",6,1,"S12-0132",3,"BHIrif",24,3.42160392686983,"no",2640
"B3_6_2_S12-0116_3_BHIrif_-1_24_1","B3",6,2,"S12-0116",3,"BHIrif",24,2.30102999566398,"no",200
"B3_6_2_S12-0132_3_BHIrif_-1_24_1","B3",6,2,"S12-0132",3,"BHIrif",24,3.19312459835446,"no",1560
"B3_6_2_S12-0141_3_BHIrif_-1_24_1","B3",6,2,"S12-0141",3,"BHIrif",24,2.69897000433602,"no",500
"B3_6_3_S12-0116_3_BHIrif_-1_24_1","B3",6,3,"S12-0116",3,"BHIrif",24,2,"no",100
"B3_6_3_S12-0132_3_BHIrif_-1_24_1","B3",6,3,"S12-0132",3,"BHIrif",24,3.76566855475901,"no",5830
"B3_6_3_S12-0141_3_BHIrif_-1_24_1","B3",6,3,"S12-0141",3,"BHIrif",24,3.29666519026153,"no",1980
"B3_6_4_S12-0116_3_BHIrif_-1_24_1","B3",6,4,"S12-0116",3,"BHIrif",24,2.74036268949424,"no",550
"B3_6_4_S12-0132_3_BHIrif_-1_24_1","B3",6,4,"S12-0132",3,"BHIrif",24,5.03903993068437,"no",109405.69534
"B3_6_4_S12-0141_3_BHIrif_-1_24_1","B3",6,4,"S12-0141",3,"BHIrif",24,3.50379068305718,"no",3190
"B3_6_6_S12-0116_3_BHIrif_-1_24_1","B3",6,6,"S12-0116",3,"BHIrif",24,2.64345267648619,"no",440
"B3_6_6_S12-0141_3_BHIrif_-1_24_2","B3",6,6,"S12-0141",3,"BHIrif",24,3.97589113640179,"no",9460
"B3_6_6_S12-0132_3_BHIrif_-1_24_2","B3",6,6,"S12-0132",3,"BHIrif",24,4.82256292783547,"no",66460.396485
"B3_6_9_S12-0116_3_BHIrif_-1_24_1","B3",6,9,"S12-0116",3,"BHIrif",24,4.13830269816628,"no",13750
"B3_6_9_S12-0132_3_BHIrif_-1_24_1","B3",6,9,"S12-0132",3,"BHIrif",24,5.44736342445202,"no",280132.45315
"B3_6_9_S12-0141_3_BHIrif_-1_24_2","B3",6,9,"S12-0141",3,"BHIrif",24,4.40500466505037,"no",25410
"B3_6_12_S12-0116_3_BHIrif_-1_24_1","B3",6,12,"S12-0116",3,"BHIrif",24,4.46952747918701,"no",29480
"B3_6_12_S12-0141_3_BHIrif_-3_24_2","B3",6,12,"S12-0141",3,"BHIrif",24,7.53006836511885,"no",33889750
"B3_6_12_S12-0132_3_BHIrif_-3_24_2","B3",6,12,"S12-0132",3,"BHIrif",24,6.66359540067903,"no",4608880
"B3_6_15_S12-0116_3_BHIrif_-2_24_1","B3",6,15,"S12-0116",3,"BHIrif",24,5.54007908880417,"no",346800
"B3_6_15_S12-0132_3_BHIrif_-3_24_2","B3",6,15,"S12-0132",3,"BHIrif",24,7.24129244115787,"no",17429801.5
"B3_6_15_S12-0141_3_BHIrif_-5_24_1","B3",6,15,"S12-0141",3,"BHIrif",24,7.7279353589929,"no",53448480
"B3_6_18_S12-0116_3_BHIrif_-3_24_1","B3",6,18,"S12-0116",3,"BHIrif",24,4.32592595577147,"no",21180
"B3_6_18_S12-0132_3_BHIrif_-5_24_2","B3",6,18,"S12-0132",3,"BHIrif",24,7.87394990173009,"no",74808320
"B3_6_21_S12-0116_3_BHIrif_-2_24_1","B3",6,21,"S12-0116",3,"BHIrif",24,5.31445712273468,"no",206280
"B3_6_21_S12-0141_3_BHIrif_-5_24_1","B3",6,21,"S12-0141",3,"BHIrif",24,7.39418541873252,"no",24784800
"B3_6_24_S12-0116_3_BHIrif_-2_24_1","B3",6,24,"S12-0116",3,"BHIrif",24,5.87604554325233,"no",751701.71875
"B3_6_24_S12-0141_3_BHIrif_-3_24_2","B3",6,24,"S12-0141",3,"BHIrif",24,7.43464687844015,"no",27204884
"B4_6_0_S12-0166_1_BHIrif_-1_36_1","B4",6,0,"S12-0166",1,"BHIrif",36,3.27646180417324,"no",1890
"B4_6_0_S12-0180_1_BHIrif_-1_36_1","B4",6,0,"S12-0180",1,"BHIrif",36,3.06818586174616,"no",1170
"B4_6_0_S12-0184_1_BHIrif_-1_36_2","B4",6,0,"S12-0184",1,"BHIrif",36,2.81954393554187,"no",660
"B4_6_1_S12-0166_1_BHIrif_-1_36_1","B4",6,1,"S12-0166",1,"BHIrif",36,3.77378644498119,"no",5940
"B4_6_1_S12-0180_1_BHIrif_-1_36_2","B4",6,1,"S12-0180",1,"BHIrif",36,1.65321251377534,"no",0
"B4_6_1_S12-0184_1_BHIrif_-1_36_1","B4",6,1,"S12-0184",1,"BHIrif",36,2.53174083085752,"no",340.20510865
"B4_6_2_S12-0166_1_BHIrif_-1_36_1","B4",6,2,"S12-0166",1,"BHIrif",36,4.69722934275972,"no",49800
"B4_6_2_S12-0180_1_BHIrif_-1_36_1","B4",6,2,"S12-0180",1,"BHIrif",36,3.65417654187796,"no",4510
"B4_6_2_S12-0184_1_BHIrif_-1_36_1","B4",6,2,"S12-0184",1,"BHIrif",36,2.70018630680959,"no",501.4022827
"B4_6_3_S12-0166_1_BHIrif_-1_36_1","B4",6,3,"S12-0166",1,"BHIrif",36,4.82084094760636,"no",66197.402345
"B4_6_3_S12-0184_1_BHIrif_-1_36_2","B4",6,3,"S12-0184",1,"BHIrif",36,1.74036268949424,"no",0
"B4_6_3_S12-0180_1_BHIrif_-1_36_2","B4",6,3,"S12-0180",1,"BHIrif",36,2.88649072517248,"no",770
"B4_6_4_S12-0166_1_BHIrif_-1_36_1","B4",6,4,"S12-0166",1,"BHIrif",36,3.95904139232109,"no",9100
"B4_6_4_S12-0180_1_BHIrif_-1_36_1","B4",6,4,"S12-0180",1,"BHIrif",36,1.74036268949424,"no",0
"B4_6_4_S12-0184_1_BHIrif_-1_36_1","B4",6,4,"S12-0184",1,"BHIrif",36,2.69897000433602,"no",500
"B4_6_6_S12-0166_1_BHIrif_-1_36_1","B4",6,6,"S12-0166",1,"BHIrif",36,5.03561448038045,"no",108546.16405
"B4_6_6_S12-0180_1_BHIrif_-1_36_1","B4",6,6,"S12-0180",1,"BHIrif",36,1.74036268949424,"no",0
"B4_6_6_S12-0184_1_BHIrif_-1_36_1","B4",6,6,"S12-0184",1,"BHIrif",36,3.98677173426624,"no",9700
"B4_6_9_S12-0166_1_BHIrif_-3_36_1","B4",6,9,"S12-0166",1,"BHIrif",36,6.71987772727898,"no",5246597.25
"B4_6_9_S12-0180_1_BHIrif_-1_36_1","B4",6,9,"S12-0180",1,"BHIrif",36,1.74036268949424,"no",0
"B4_6_9_S12-0184_1_BHIrif_-1_36_1","B4",6,9,"S12-0184",1,"BHIrif",36,3.68124123737559,"no",4800
"B4_6_12_S12-0166_1_BHIrif_-3_36_1","B4",6,12,"S12-0166",1,"BHIrif",36,5.77723827300953,"no",598740
"B4_6_12_S12-0180_1_BHIrif_-1_36_1","B4",6,12,"S12-0180",1,"BHIrif",36,3.75739602879302,"no",5720
"B4_6_12_S12-0184_1_BHIrif_-1_36_1","B4",6,12,"S12-0184",1,"BHIrif",36,2.3605595444691,"no",229.3821106
"B4_6_15_S12-0166_1_BHIrif_-4_36_1","B4",6,15,"S12-0166",1,"BHIrif",36,7.41526606400543,"no",26017530
"B4_6_15_S12-0180_1_BHIrif_-1_36_2","B4",6,15,"S12-0180",1,"BHIrif",36,4.62231766083384,"no",41910
"B4_6_15_S12-0184_1_BHIrif_-1_36_2","B4",6,15,"S12-0184",1,"BHIrif",36,2.51851393987789,"no",330
"B4_6_18_S12-0166_1_BHIrif_-5_36_1","B4",6,18,"S12-0166",1,"BHIrif",36,7.43319359171485,"no",27114000
"B4_6_18_S12-0180_1_BHIrif_-1_36_2","B4",6,18,"S12-0180",1,"BHIrif",36,4.07040732174012,"no",11760
"B4_6_18_S12-0184_1_BHIrif_-1_36_1","B4",6,18,"S12-0184",1,"BHIrif",36,3.99299509843134,"no",9840
"B4_6_21_S12-0166_1_BHIrif_-3_36_1","B4",6,21,"S12-0166",1,"BHIrif",36,8.02211492267203,"no",105224028
"B4_6_21_S12-0184_1_BHIrif_-1_36_2","B4",6,21,"S12-0184",1,"BHIrif",36,5.60357466326959,"no",401397.5
"B4_6_21_S12-0180_1_BHIrif_-1_36_2","B4",6,21,"S12-0180",1,"BHIrif",36,3.34242268082221,"no",2200
"B4_6_24_S12-0166_1_BHIrif_-5_36_1","B4",6,24,"S12-0166",1,"BHIrif",36,8.37593328652081,"no",237647520
"B4_6_24_S12-0180_1_BHIrif_-3_36_2","B4",6,24,"S12-0180",1,"BHIrif",36,6.16379326691288,"no",1458120
"B4_6_24_S12-0184_1_BHIrif_-1_36_1","B4",6,24,"S12-0184",1,"BHIrif",36,5.65493249846106,"no",451785.71875
"B4_6_27_S12-0166_1_BHIrif_-5_36_1","B4",6,27,"S12-0166",1,"BHIrif",36,8.76050231388794,"no",576105888
"B4_6_27_S12-0184_1_BHIrif_-2_36_2","B4",6,27,"S12-0184",1,"BHIrif",36,5.78038950849682,"no",603100.25
"B4_6_27_S12-0180_1_BHIrif_-3_36_2","B4",6,27,"S12-0180",1,"BHIrif",36,6.07771302314904,"no",1195950
"B5_6_0_S12-0166_2_BHIrif_-1_36_1","B5",6,0,"S12-0166",2,"BHIrif",36,3.93901977644867,"no",8690
"B5_6_0_S12-0180_2_BHIrif_-1_36_1","B5",6,0,"S12-0180",2,"BHIrif",36,3.62117628177504,"no",4180
"B5_6_0_S12-0184_2_BHIrif_-1_36_1","B5",6,0,"S12-0184",2,"BHIrif",36,2.73239375982297,"no",540
"B5_6_1_S12-0166_2_BHIrif_-1_36_1","B5",6,1,"S12-0166",2,"BHIrif",36,4.12057393120585,"no",13200
"B5_6_1_S12-0180_2_BHIrif_-1_36_2","B5",6,1,"S12-0180",2,"BHIrif",36,3.71926513529097,"no",5239.2019045
"B5_6_1_S12-0184_2_BHIrif_-1_36_2","B5",6,1,"S12-0184",2,"BHIrif",36,3,"no",1000
"B5_6_2_S12-0166_2_BHIrif_-1_36_1","B5",6,2,"S12-0166",2,"BHIrif",36,3.83378437465648,"no",6820
"B5_6_2_S12-0180_2_BHIrif_-1_36_2","B5",6,2,"S12-0180",2,"BHIrif",36,3.36172783601759,"no",2300
"B5_6_2_S12-0184_2_BHIrif_-1_36_2","B5",6,2,"S12-0184",2,"BHIrif",36,1.69897000433602,"no",0
"B5_6_3_S12-0166_2_BHIrif_-1_36_1","B5",6,3,"S12-0166",2,"BHIrif",36,4.46134843364798,"no",28930
"B5_6_3_S12-0180_2_BHIrif_-1_36_2","B5",6,3,"S12-0180",2,"BHIrif",36,3.51851393987789,"no",3300
"B5_6_3_S12-0184_2_BHIrif_-1_36_2","B5",6,3,"S12-0184",2,"BHIrif",36,1.69897000433602,"no",0
"B5_6_4_S12-0166_2_BHIrif_-1_36_1","B5",6,4,"S12-0166",2,"BHIrif",36,4.83688162442269,"no",68688.11914
"B5_6_4_S12-0180_2_BHIrif_-1_36_2","B5",6,4,"S12-0180",2,"BHIrif",36,1.74036268949424,"no",0
"B5_6_4_S12-0184_2_BHIrif_-1_36_1","B5",6,4,"S12-0184",2,"BHIrif",36,4.26670196688409,"no",18480
"B5_6_6_S12-0166_2_BHIrif_-3_36_1","B5",6,6,"S12-0166",2,"BHIrif",36,6.52266197824599,"no",3331670
"B5_6_6_S12-0184_2_BHIrif_-1_36_1","B5",6,6,"S12-0184",2,"BHIrif",36,3.7160033436348,"no",5200
"B5_6_6_S12-0180_2_BHIrif_-1_36_2","B5",6,6,"S12-0180",2,"BHIrif",36,3.32014628611105,"no",2090
"B5_6_9_S12-0166_2_BHIrif_-4_36_1","B5",6,9,"S12-0166",2,"BHIrif",36,7.70650027347404,"no",50874514
"B5_6_9_S12-0184_2_BHIrif_-1_36_2","B5",6,9,"S12-0184",2,"BHIrif",36,4.56110138364906,"no",36400
"B5_6_9_S12-0180_2_BHIrif_-1_36_2","B5",6,9,"S12-0180",2,"BHIrif",36,2.04139268515822,"no",110
"B5_6_12_S12-0166_2_BHIrif_-4_36_1","B5",6,12,"S12-0166",2,"BHIrif",36,5.58798021145153,"no",387240
"B5_6_12_S12-0180_2_BHIrif_-1_36_2","B5",6,12,"S12-0180",2,"BHIrif",36,3.96567197122011,"no",9240
"B5_6_12_S12-0184_2_BHIrif_-1_36_2","B5",6,12,"S12-0184",2,"BHIrif",36,3.48855071650044,"no",3080
"B5_6_15_S12-0166_2_BHIrif_-3_36_1","B5",6,15,"S12-0166",2,"BHIrif",36,6.07529872218491,"no",1189320
"B5_6_15_S12-0180_2_BHIrif_-1_36_2","B5",6,15,"S12-0180",2,"BHIrif",36,2.04139268515822,"no",110
"B5_6_15_S12-0184_2_BHIrif_-1_36_1","B5",6,15,"S12-0184",2,"BHIrif",36,2.74036268949424,"no",550
"B5_6_18_S12-0166_2_BHIrif_-4_36_1","B5",6,18,"S12-0166",2,"BHIrif",36,8.02972791100473,"no",107084820
"B5_6_18_S12-0180_2_BHIrif_-1_36_2","B5",6,18,"S12-0180",2,"BHIrif",36,3.15533603746506,"no",1430
"B5_6_18_S12-0184_2_BHIrif_-3_36_1","B5",6,18,"S12-0184",2,"BHIrif",36,6.7833425450153,"no",6072150.75
"B5_6_21_S12-0166_2_BHIrif_-3_36_1","B5",6,21,"S12-0166",2,"BHIrif",36,6.76786448683074,"no",5859553
"B5_6_21_S12-0180_2_BHIrif_-1_36_2","B5",6,21,"S12-0180",2,"BHIrif",36,4.40959501939682,"no",25680
"B5_6_21_S12-0184_2_BHIrif_-1_36_1","B5",6,21,"S12-0184",2,"BHIrif",36,5.64321422719159,"no",439758.4844
"B5_6_24_S12-0166_2_BHIrif_-5_36_1","B5",6,24,"S12-0166",2,"BHIrif",36,8.70158097052582,"no",503015040
"B5_6_24_S12-0184_2_BHIrif_-3_36_2","B5",6,24,"S12-0184",2,"BHIrif",36,6.62131340575088,"no",4181320
"B5_6_24_S12-0180_2_BHIrif_-1_36_2","B5",6,24,"S12-0180",2,"BHIrif",36,4.31470969295517,"no",20640
"B5_6_27_S12-0166_2_BHIrif_-4_36_1","B5",6,27,"S12-0166",2,"BHIrif",36,8.24314240579714,"no",175042056
"B5_6_27_S12-0184_2_BHIrif_-3_36_1","B5",6,27,"S12-0184",2,"BHIrif",36,6.83561209024184,"no",6848762.25
"B5_6_27_S12-0180_2_BHIrif_-1_36_2","B5",6,27,"S12-0180",2,"BHIrif",36,4.32014628611105,"no",20900
"B6_6_0_S12-0116_4_BHIrif_-1_24_1","B6",6,0,"S12-0116",4,"BHIrif",24,1.69897000433602,"no",0
"B6_6_0_S12-0132_4_BHIrif_-1_24_2","B6",6,0,"S12-0132",4,"BHIrif",24,2.69897000433602,"no",500
"B6_6_0_S12-0141_4_BHIrif_-1_24_1","B6",6,0,"S12-0141",4,"BHIrif",24,3.44715803134222,"no",2800
"B6_6_1_S12-0116_4_BHIrif_-1_24_1","B6",6,1,"S12-0116",4,"BHIrif",24,2.47712125471966,"no",300
"B6_6_1_S12-0132_4_BHIrif_-1_24_1","B6",6,1,"S12-0132",4,"BHIrif",24,2,"no",100
"B6_6_1_S12-0141_4_BHIrif_-1_24_1","B6",6,1,"S12-0141",4,"BHIrif",24,3.57978359661681,"no",3800
"B6_6_2_S12-0116_4_BHIrif_-1_24_1","B6",6,2,"S12-0116",4,"BHIrif",24,1.74036268949424,"no",0
"B6_6_2_S12-0132_4_BHIrif_-1_24_1","B6",6,2,"S12-0132",4,"BHIrif",24,1.69897000433602,"no",0
"B6_6_2_S12-0141_4_BHIrif_-1_24_1","B6",6,2,"S12-0141",4,"BHIrif",24,2.69897000433602,"no",500
"B6_6_3_S12-0116_4_BHIrif_-1_24_1","B6",6,3,"S12-0116",4,"BHIrif",24,1.65321251377534,"no",0
"B6_6_3_S12-0141_4_BHIrif_-1_24_1","B6",6,3,"S12-0141",4,"BHIrif",24,1.69897000433602,"no",0
"B6_6_3_S12-0132_4_BHIrif_-1_24_2","B6",6,3,"S12-0132",4,"BHIrif",24,1.69897000433602,"no",0
"B6_6_4_S12-0116_4_BHIrif_-1_24_1","B6",6,4,"S12-0116",4,"BHIrif",24,2,"no",100
"B6_6_4_S12-0132_4_BHIrif_-1_24_2","B6",6,4,"S12-0132",4,"BHIrif",24,2,"no",100
"B6_6_4_S12-0141_4_BHIrif_-1_24_2","B6",6,4,"S12-0141",4,"BHIrif",24,2.95424250943932,"no",900
"B6_6_6_S12-0116_4_BHIrif_-1_24_1","B6",6,6,"S12-0116",4,"BHIrif",24,2.30102999566398,"no",200
"B6_6_6_S12-0132_4_BHIrif_-1_24_1","B6",6,6,"S12-0132",4,"BHIrif",24,1.74036268949424,"no",0
"B6_6_6_S12-0141_4_BHIrif_-1_24_1","B6",6,6,"S12-0141",4,"BHIrif",24,4.11394335230684,"no",13000
"B6_6_9_S12-0116_4_BHIrif_-1_24_2","B6",6,9,"S12-0116",4,"BHIrif",24,1.69897000433602,"no",0
"B6_6_9_S12-0132_4_BHIrif_-1_24_2","B6",6,9,"S12-0132",4,"BHIrif",24,3.54654266347813,"no",3520
"B6_6_9_S12-0141_4_BHIrif_-1_24_2","B6",6,9,"S12-0141",4,"BHIrif",24,4.47567118832443,"no",29900
"B6_6_12_S12-0116_4_BHIrif_-3_24_1","B6",6,12,"S12-0116",4,"BHIrif",24,4.6236627073562,"no",42040
"B6_6_12_S12-0132_4_BHIrif_-3_24_2","B6",6,12,"S12-0132",4,"BHIrif",24,5.06299540118647,"no",115610
"B6_6_12_S12-0141_4_BHIrif_-3_24_2","B6",6,12,"S12-0141",4,"BHIrif",24,6.61698145834162,"no",4139820
"B6_6_15_S12-0116_4_BHIrif_-2_24_1","B6",6,15,"S12-0116",4,"BHIrif",24,4.87227284622421,"no",74520
"B6_6_15_S12-0132_4_BHIrif_-2_24_2","B6",6,15,"S12-0132",4,"BHIrif",24,3.03342375548695,"no",1080
"B6_6_15_S12-0141_4_BHIrif_-2_24_2","B6",6,15,"S12-0141",4,"BHIrif",24,6.11541592995406,"no",1304415.4375
"B6_6_18_S12-0116_4_BHIrif_-2_24_1","B6",6,18,"S12-0116",4,"BHIrif",24,6.75706224547133,"no",5715605.5
"B6_6_18_S12-0132_4_BHIrif_-3_24_2","B6",6,18,"S12-0132",4,"BHIrif",24,6.2789364233011,"no",1900800
"B6_6_18_S12-0141_4_BHIrif_-2_24_2","B6",6,18,"S12-0141",4,"BHIrif",24,7.09875185341177,"no",12553125
"B6_6_21_S12-0116_4_BHIrif_-4_24_1","B6",6,21,"S12-0116",4,"BHIrif",24,7.25333800532611,"no",17920000
"B6_6_21_S12-0132_4_BHIrif_-4_24_2","B6",6,21,"S12-0132",4,"BHIrif",24,7.38750123350132,"no",24406260
"B6_6_21_S12-0141_4_BHIrif_-4_24_1","B6",6,21,"S12-0141",4,"BHIrif",24,6.77953733083731,"no",6019180
"B6_6_24_S12-0141_4_BHIrif_-4_24_1","B6",6,24,"S12-0141",4,"BHIrif",24,6.65939892014375,"no",4564560
"B7_6_0_S12-0166_3_BHIrif_-1_36_1","B7",6,0,"S12-0166",3,"BHIrif",36,1.74036268949424,"no",0
"B7_6_0_S12-0180_3_BHIrif_-1_36_1","B7",6,0,"S12-0180",3,"BHIrif",36,1.69897000433602,"no",0
"B7_6_0_S12-0184_3_BHIrif_-1_36_1","B7",6,0,"S12-0184",3,"BHIrif",36,1.69897000433602,"no",0
"B7_6_1_S12-0166_3_BHIrif_-1_36_1","B7",6,1,"S12-0166",3,"BHIrif",36,2.30102999566398,"no",200
"B7_6_1_S12-0184_3_BHIrif_-1_36_2","B7",6,1,"S12-0184",3,"BHIrif",36,2.81954393554187,"no",660
"B7_6_1_S12-0180_3_BHIrif_-1_36_2","B7",6,1,"S12-0180",3,"BHIrif",36,1.69897000433602,"no",0
"B7_6_2_S12-0166_3_BHIrif_-1_36_1","B7",6,2,"S12-0166",3,"BHIrif",36,3.21221183429609,"no",1630.0909425
"B7_6_2_S12-0180_3_BHIrif_-1_36_1","B7",6,2,"S12-0180",3,"BHIrif",36,3.26336435311715,"no",1833.852295
"B7_6_2_S12-0184_3_BHIrif_-1_36_1","B7",6,2,"S12-0184",3,"BHIrif",36,4.44584243312478,"no",27915.30859
"B7_6_3_S12-0166_3_BHIrif_-1_36_1","B7",6,3,"S12-0166",3,"BHIrif",36,3.03342375548695,"no",1080
"B7_6_3_S12-0184_3_BHIrif_-1_36_2","B7",6,3,"S12-0184",3,"BHIrif",36,2.30102999566398,"no",200
"B7_6_3_S12-0180_3_BHIrif_-1_36_2","B7",6,3,"S12-0180",3,"BHIrif",36,1.69897000433602,"no",0
"B7_6_4_S12-0166_3_BHIrif_-1_36_1","B7",6,4,"S12-0166",3,"BHIrif",36,5.32105360287274,"no",209437.0938
"B7_6_4_S12-0184_3_BHIrif_-1_36_2","B7",6,4,"S12-0184",3,"BHIrif",36,1.74036268949424,"no",0
"B7_6_4_S12-0180_3_BHIrif_-1_36_2","B7",6,4,"S12-0180",3,"BHIrif",36,1.69897000433602,"no",0
"B7_6_6_S12-0166_3_BHIrif_-1_36_1","B7",6,6,"S12-0166",3,"BHIrif",36,4.3747483460101,"no",23700
"B7_6_6_S12-0180_3_BHIrif_-1_36_1","B7",6,6,"S12-0180",3,"BHIrif",36,1.69897000433602,"no",0
"B7_6_6_S12-0184_3_BHIrif_-1_36_2","B7",6,6,"S12-0184",3,"BHIrif",36,1.69897000433602,"no",0
"B7_6_9_S12-0166_3_BHIrif_-3_36_1","B7",6,9,"S12-0166",3,"BHIrif",36,6.76298323180251,"no",5794063.25
"B7_6_9_S12-0184_3_BHIrif_-1_36_2","B7",6,9,"S12-0184",3,"BHIrif",36,4.65240671969812,"no",44916.583985
"B7_6_9_S12-0180_3_BHIrif_-1_36_2","B7",6,9,"S12-0180",3,"BHIrif",36,1.69897000433602,"no",0
"B7_6_12_S12-0166_3_BHIrif_-4_36_1","B7",6,12,"S12-0166",3,"BHIrif",36,7.65941050863468,"no",45646818
"B7_6_12_S12-0180_3_BHIrif_-1_36_2","B7",6,12,"S12-0180",3,"BHIrif",36,1.69897000433602,"no",0
"B7_6_12_S12-0184_3_BHIrif_-3_36_1","B7",6,12,"S12-0184",3,"BHIrif",36,6.29243329824402,"no",1960800
"B7_6_15_S12-0166_3_BHIrif_-2_36_1","B7",6,15,"S12-0166",3,"BHIrif",36,5.84254488625317,"no",695896.875
"B7_6_15_S12-0180_3_BHIrif_-1_36_2","B7",6,15,"S12-0180",3,"BHIrif",36,3.34242268082221,"no",2200
"B7_6_15_S12-0184_3_BHIrif_-1_36_1","B7",6,15,"S12-0184",3,"BHIrif",36,4.97565295659566,"no",94548.132815
"B7_6_18_S12-0166_3_BHIrif_-4_36_1","B7",6,18,"S12-0166",3,"BHIrif",36,8.42113198725009,"no",263713272
"B7_6_18_S12-0180_3_BHIrif_-1_36_2","B7",6,18,"S12-0180",3,"BHIrif",36,1.69897000433602,"no",0
"B7_6_18_S12-0184_3_BHIrif_-1_36_1","B7",6,18,"S12-0184",3,"BHIrif",36,4.59966477878842,"no",39780
"B7_6_21_S12-0166_3_BHIrif_-4_36_1","B7",6,21,"S12-0166",3,"BHIrif",36,8.37707214989474,"no",238271528
"B7_6_21_S12-0184_3_BHIrif_-3_36_1","B7",6,21,"S12-0184",3,"BHIrif",36,6.59596333312122,"no",3944240
"B7_6_21_S12-0180_3_BHIrif_-1_36_2","B7",6,21,"S12-0180",3,"BHIrif",36,3.41497334797082,"no",2600
"B7_6_24_S12-0166_3_BHIrif_-4_36_1","B7",6,24,"S12-0166",3,"BHIrif",36,8.99680743803734,"no",992675808
"B7_6_24_S12-0180_3_BHIrif_-1_36_2","B7",6,24,"S12-0180",3,"BHIrif",36,4.01703333929878,"no",10400
"B7_6_27_S12-0166_3_BHIrif_-5_36_1","B7",6,27,"S12-0166",3,"BHIrif",36,8.75303049941245,"no",566279056
"B7_6_27_S12-0180_3_BHIrif_-3_36_1","B7",6,27,"S12-0180",3,"BHIrif",36,5.22927217882129,"no",169540
"B7_6_30_S12-0180_3_BHIrif_-3_36_1","B7",6,30,"S12-0180",3,"BHIrif",36,6.31555893462078,"no",2068040
"B8_10_0_S12-0116_1_BHIrif_-1_24_1","B8",10,0,"S12-0116",1,"BHIrif",24,2.04139268515822,"no",110
"B8_10_0_S12-0132_1_BHIrif_-1_24_2","B8",10,0,"S12-0132",1,"BHIrif",24,1.69897000433602,"no",0
"B8_10_0_S12-0141_1_BHIrif_-1_24_1","B8",10,0,"S12-0141",1,"BHIrif",24,2.77815125038364,"no",600
"B8_10_1_S12-0116_1_BHIrif_-1_24_1","B8",10,1,"S12-0116",1,"BHIrif",24,2.04139268515822,"no",110
"B8_10_1_S12-0132_1_BHIrif_-1_24_2","B8",10,1,"S12-0132",1,"BHIrif",24,2.04139268515822,"no",110
"B8_10_1_S12-0141_1_BHIrif_-1_24_2","B8",10,1,"S12-0141",1,"BHIrif",24,3.50379068305718,"no",3190
"B8_10_2_S12-0116_1_BHIrif_-1_24_1","B8",10,2,"S12-0116",1,"BHIrif",24,1.74036268949424,"no",0
"B8_10_2_S12-0141_1_BHIrif_-1_24_2","B8",10,2,"S12-0141",1,"BHIrif",24,4.24303804868629,"no",17500
"B8_10_2_S12-0132_1_BHIrif_-1_24_2","B8",10,2,"S12-0132",1,"BHIrif",24,1.74036268949424,"no",0
"B8_10_3_S12-0116_1_BHIrif_-1_24_1","B8",10,3,"S12-0116",1,"BHIrif",24,2,"no",100
"B8_10_3_S12-0132_1_BHIrif_-1_24_2","B8",10,3,"S12-0132",1,"BHIrif",24,2.34242268082221,"no",220
"B8_10_3_S12-0141_1_BHIrif_-1_24_3","B8",10,3,"S12-0141",1,"BHIrif",24,6.34453811122279,"no",2210742.25
"B8_10_4_S12-0116_1_BHIrif_-1_24_1","B8",10,4,"S12-0116",1,"BHIrif",24,2.84509804001426,"no",700
"B8_10_4_S12-0132_1_BHIrif_-1_24_1","B8",10,4,"S12-0132",1,"BHIrif",24,2.34242268082221,"no",220
"B8_10_4_S12-0141_1_BHIrif_-1_24_2","B8",10,4,"S12-0141",1,"BHIrif",24,3.77378644498119,"no",5940
"B8_10_6_S12-0116_1_BHIrif_-3_24_1","B8",10,6,"S12-0116",1,"BHIrif",24,4.72892164637286,"no",53570
"B8_10_6_S12-0132_1_BHIrif_-1_24_2","B8",10,6,"S12-0132",1,"BHIrif",24,2.84509804001426,"no",700
"B8_10_6_S12-0141_1_BHIrif_-2_24_2","B8",10,6,"S12-0141",1,"BHIrif",24,6.42822946152779,"no",2680584.25
"B8_10_9_S12-0116_1_BHIrif_-1_24_1","B8",10,9,"S12-0116",1,"BHIrif",24,5.31439397375147,"no",206250.00785
"B8_10_9_S12-0132_1_BHIrif_-3_24_2","B8",10,9,"S12-0132",1,"BHIrif",24,7.13669175060303,"no",13699091
"B8_10_9_S12-0141_1_BHIrif_-3_24_1","B8",10,9,"S12-0141",1,"BHIrif",24,6.80576825093233,"no",6393935.5
"B8_10_12_S12-0116_1_BHIrif_-4_24_1","B8",10,12,"S12-0116",1,"BHIrif",24,6.68048055624196,"no",4791600
"B8_10_12_S12-0132_1_BHIrif_-4_24_1","B8",10,12,"S12-0132",1,"BHIrif",24,6.9810462442453,"no",9572960
"B8_10_12_S12-0141_1_BHIrif_-2_24_1","B8",10,12,"S12-0141",1,"BHIrif",24,7.01389828345361,"no",10325195.5
"B8_10_15_S12-0116_1_BHIrif_-4_24_1","B8",10,15,"S12-0116",1,"BHIrif",24,7.3229154688851,"no",21033690
"B8_10_15_S12-0141_1_BHIrif_-4_24_2","B8",10,15,"S12-0141",1,"BHIrif",24,6.90662644937057,"no",8065410
"B8_10_15_S12-0132_1_BHIrif_-4_24_2","B8",10,15,"S12-0132",1,"BHIrif",24,7.23625679405523,"no",17228870
"B8_10_18_S12-0116_1_BHIrif_-4_24_1","B8",10,18,"S12-0116",1,"BHIrif",24,8.29512963862329,"no",197301160
"B8_10_18_S12-0132_1_BHIrif_-4_24_2","B8",10,18,"S12-0132",1,"BHIrif",24,8.46763864569585,"no",293520640
"B8_10_18_S12-0141_1_BHIrif_-4_24_2","B8",10,18,"S12-0141",1,"BHIrif",24,8.47549194894758,"no",298876624
"B8_10_21_S12-0141_1_BHIrif_-5_24_2","B8",10,21,"S12-0141",1,"BHIrif",24,8.44970491994177,"no",281646864
"B8_10_24_S12-0132_1_BHIrif_-5_24_1","B8",10,24,"S12-0132",1,"BHIrif",24,8.35312015263336,"no",225486296
"B8_10_24_S12-0141_1_BHIrif_-5_24_1","B8",10,24,"S12-0141",1,"BHIrif",24,8.03535319954653,"no",108480880
"B9_10_0_S12-0166_1_BHIrif_-1_36_1","B9",10,0,"S12-0166",1,"BHIrif",36,1.74036268949424,"no",0
"B9_10_0_S12-0180_1_BHIrif_-1_36_2","B9",10,0,"S12-0180",1,"BHIrif",36,2.07918124604762,"no",120
"B9_10_0_S12-0184_1_BHIrif_-1_36_2","B9",10,0,"S12-0184",1,"BHIrif",36,1.69897000433602,"no",0
"B9_10_1_S12-0166_1_BHIrif_-1_36_1","B9",10,1,"S12-0166",1,"BHIrif",36,1.74036268949424,"no",0
"B9_10_1_S12-0184_1_BHIrif_-1_36_1","B9",10,1,"S12-0184",1,"BHIrif",36,1.74036268949424,"no",0
"B9_10_1_S12-0180_1_BHIrif_-1_36_2","B9",10,1,"S12-0180",1,"BHIrif",36,1.74036268949424,"no",0
"B9_10_2_S12-0166_1_BHIrif_-1_36_1","B9",10,2,"S12-0166",1,"BHIrif",36,3.32014628611105,"no",2090
"B9_10_2_S12-0180_1_BHIrif_-1_36_1","B9",10,2,"S12-0180",1,"BHIrif",36,1.69897000433602,"no",0
"B9_10_2_S12-0184_1_BHIrif_-1_36_1","B9",10,2,"S12-0184",1,"BHIrif",36,1.74036268949424,"no",0
"B9_10_3_S12-0166_1_BHIrif_-1_36_1","B9",10,3,"S12-0166",1,"BHIrif",36,4.42160392686983,"no",26400
"B9_10_3_S12-0180_1_BHIrif_-1_36_1","B9",10,3,"S12-0180",1,"BHIrif",36,1.74036268949424,"no",0
"B9_10_3_S12-0184_1_BHIrif_-1_36_1","B9",10,3,"S12-0184",1,"BHIrif",36,1.74036268949424,"no",0
"B9_10_4_S12-0166_1_BHIrif_-1_36_1","B9",10,4,"S12-0166",1,"BHIrif",36,4.01452053875792,"no",10340
"B9_10_4_S12-0180_1_BHIrif_-1_36_2","B9",10,4,"S12-0180",1,"BHIrif",36,2.38021124171161,"no",240
"B9_10_4_S12-0184_1_BHIrif_-1_36_1","B9",10,4,"S12-0184",1,"BHIrif",36,1.74036268949424,"no",0
"B9_10_6_S12-0166_1_BHIrif_-3_36_1","B9",10,6,"S12-0166",1,"BHIrif",36,6.86201027599778,"no",7277970.25
"B9_10_6_S12-0184_1_BHIrif_-1_36_2","B9",10,6,"S12-0184",1,"BHIrif",36,1.77815125038364,"no",0
"B9_10_6_S12-0180_1_BHIrif_-1_36_2","B9",10,6,"S12-0180",1,"BHIrif",36,1.81291335664286,"no",0
"B9_10_9_S12-0166_1_BHIrif_-4_36_1","B9",10,9,"S12-0166",1,"BHIrif",36,7.77354205999846,"no",59366584
"B9_10_9_S12-0184_1_BHIrif_-1_36_1","B9",10,9,"S12-0184",1,"BHIrif",36,3.85003325768977,"no",7080
"B9_10_9_S12-0180_1_BHIrif_-1_36_2","B9",10,9,"S12-0180",1,"BHIrif",36,4.74543908840647,"no",55646.658205
"B9_10_12_S12-0166_1_BHIrif_-4_36_1","B9",10,12,"S12-0166",1,"BHIrif",36,8.16261682933384,"no",145417552
"B9_10_12_S12-0180_1_BHIrif_-1_36_1","B9",10,12,"S12-0180",1,"BHIrif",36,4.62459145912685,"no",42130
"B9_10_12_S12-0184_1_BHIrif_-3_36_1","B9",10,12,"S12-0184",1,"BHIrif",36,5.89916364147722,"no",792800
"B9_10_15_S12-0166_1_BHIrif_-5_36_1","B9",10,15,"S12-0166",1,"BHIrif",36,7.95784919878975,"no",90750536
"B9_10_15_S12-0180_1_BHIrif_-3_36_1","B9",10,15,"S12-0180",1,"BHIrif",36,6.12338771043052,"no",1328580
"B9_10_15_S12-0184_1_BHIrif_-3_36_1","B9",10,15,"S12-0184",1,"BHIrif",36,5.89542254603941,"no",786000
"B9_10_18_S12-0166_1_BHIrif_-5_36_1","B9",10,18,"S12-0166",1,"BHIrif",36,8.20750812631924,"no",161253120
"B9_10_18_S12-0184_1_BHIrif_-3_36_2","B9",10,18,"S12-0184",1,"BHIrif",36,7.58011266713212,"no",38028804
"B9_10_21_S12-0166_1_BHIrif_-5_36_1","B9",10,21,"S12-0166",1,"BHIrif",36,7.85226743011287,"no",71165160
